{
    "macro_to_reload_elements": {
    },
    "fields": [
        {
            "name": "eld.guardhelper.respect_attack_flags",
            "default_value": "false",
            "field_type": "string",
            "macros_on_modify": []
        },
        {
            "name": "scripts.ui.cfg.states_window_nav_elements_separator",
            "default_value": "||",
            "field_type": "string",
            "macros_on_modify": [
              "_ux"
            ]
        }, 
        {
            "name": "eld.enemynames.enemy_name_rewrite_mode",
            "default_value": "1",
            "field_type": "string",
            "macros_on_modify": []
        }
    ]
}